amount,user_age,account_balance,transaction_timestamp_hour,transaction_timestamp_dayofweek,transaction_timestamp_is_weekend,user_transaction_frequency,merchant_transaction_frequency,device_transaction_frequency,payment_method_credit,payment_method_debit,merchant_category_electronics,merchant_category_retail,location_country_CA,location_country_US,amount_bucket_high,amount_bucket_low,amount_bucket_medium,device_type_desktop,device_type_mobile
185.0,45,1550.0,22,6,1,10,20,12,0.0,1.0,0.0,1.0,1.0,0.0,0.0,0.0,1.0,0.0,1.0
62.5,41,815.0,21,4,0,10,20,12,1.0,0.0,1.0,0.0,1.0,0.0,0.0,0.0,1.0,1.0,0.0
20.0,24,560.0,4,4,0,10,20,12,0.0,1.0,0.0,1.0,0.0,1.0,0.0,1.0,0.0,0.0,1.0
160.0,35,1400.0,12,6,1,10,20,12,1.0,0.0,0.0,1.0,0.0,1.0,0.0,0.0,1.0,0.0,1.0
112.5,61,1115.0,17,5,1,10,20,13,0.0,1.0,1.0,0.0,1.0,0.0,0.0,0.0,1.0,1.0,0.0
22.5,25,575.0,5,4,0,10,20,12,0.0,1.0,1.0,0.0,1.0,0.0,0.0,1.0,0.0,1.0,0.0
97.5,55,1025.0,11,5,1,10,20,13,0.0,1.0,1.0,0.0,1.0,0.0,0.0,0.0,1.0,1.0,0.0
120.0,64,1160.0,20,5,1,10,20,12,0.0,1.0,0.0,1.0,0.0,1.0,0.0,0.0,1.0,0.0,1.0
85.0,50,950.0,6,5,1,10,20,12,1.0,0.0,0.0,1.0,1.0,0.0,0.0,0.0,1.0,0.0,1.0
235.0,20,1850.0,18,0,0,10,20,13,1.0,0.0,0.0,1.0,1.0,0.0,1.0,0.0,0.0,0.0,1.0
90.0,52,980.0,8,5,1,10,20,13,0.0,1.0,0.0,1.0,0.0,1.0,0.0,0.0,1.0,0.0,1.0
212.5,56,1715.0,9,0,0,10,20,13,1.0,0.0,1.0,0.0,1.0,0.0,1.0,0.0,0.0,1.0,0.0
165.0,37,1430.0,14,6,1,10,20,12,0.0,1.0,0.0,1.0,1.0,0.0,0.0,0.0,1.0,0.0,1.0
95.0,54,1010.0,10,5,1,10,20,13,0.0,1.0,0.0,1.0,1.0,0.0,0.0,0.0,1.0,0.0,1.0
192.5,48,1595.0,1,0,0,10,20,13,0.0,1.0,1.0,0.0,1.0,0.0,0.0,0.0,1.0,1.0,0.0
57.5,39,785.0,19,4,0,10,20,13,0.0,1.0,1.0,0.0,1.0,0.0,0.0,0.0,1.0,1.0,0.0
32.5,29,635.0,9,4,0,10,20,13,1.0,0.0,1.0,0.0,1.0,0.0,0.0,1.0,0.0,1.0,0.0
102.5,57,1055.0,13,5,1,10,20,12,0.0,1.0,1.0,0.0,1.0,0.0,0.0,0.0,1.0,1.0,0.0
232.5,64,1835.0,17,0,0,10,20,13,0.0,1.0,1.0,0.0,1.0,0.0,1.0,0.0,0.0,1.0,0.0
230.0,63,1820.0,16,0,0,10,20,13,0.0,1.0,0.0,1.0,0.0,1.0,1.0,0.0,0.0,0.0,1.0
137.5,26,1265.0,3,6,1,10,20,13,1.0,0.0,1.0,0.0,1.0,0.0,0.0,0.0,1.0,1.0,0.0
80.0,48,920.0,4,5,1,10,20,12,0.0,1.0,0.0,1.0,0.0,1.0,0.0,0.0,1.0,0.0,1.0
50.0,36,740.0,16,4,0,10,20,13,0.0,1.0,0.0,1.0,0.0,1.0,0.0,1.0,0.0,0.0,1.0
35.0,30,650.0,10,4,0,10,20,13,0.0,1.0,0.0,1.0,1.0,0.0,0.0,1.0,0.0,0.0,1.0
130.0,23,1220.0,0,6,1,10,20,13,1.0,0.0,0.0,1.0,0.0,1.0,0.0,0.0,1.0,0.0,1.0
70.0,44,860.0,0,5,1,10,20,13,1.0,0.0,0.0,1.0,0.0,1.0,0.0,0.0,1.0,0.0,1.0
125.0,21,1190.0,22,5,1,10,20,12,0.0,1.0,0.0,1.0,1.0,0.0,0.0,0.0,1.0,0.0,1.0
115.0,62,1130.0,18,5,1,10,20,13,1.0,0.0,0.0,1.0,1.0,0.0,0.0,0.0,1.0,0.0,1.0
175.0,41,1490.0,18,6,1,10,20,13,1.0,0.0,0.0,1.0,1.0,0.0,0.0,0.0,1.0,0.0,1.0
162.5,36,1415.0,13,6,1,10,20,12,0.0,1.0,1.0,0.0,1.0,0.0,0.0,0.0,1.0,1.0,0.0
245.0,24,1910.0,22,0,0,10,20,12,0.0,1.0,0.0,1.0,1.0,0.0,1.0,0.0,0.0,0.0,1.0
105.0,58,1070.0,14,5,1,10,20,12,0.0,1.0,0.0,1.0,1.0,0.0,0.0,0.0,1.0,0.0,1.0
92.5,53,995.0,9,5,1,10,20,13,1.0,0.0,1.0,0.0,1.0,0.0,0.0,0.0,1.0,1.0,0.0
180.0,43,1520.0,20,6,1,10,20,12,0.0,1.0,0.0,1.0,0.0,1.0,0.0,0.0,1.0,0.0,1.0
255.0,28,1970.0,2,1,0,10,20,13,0.0,1.0,0.0,1.0,1.0,0.0,1.0,0.0,0.0,0.0,1.0
187.5,46,1565.0,23,6,1,10,20,12,0.0,1.0,1.0,0.0,1.0,0.0,0.0,0.0,1.0,1.0,0.0
202.5,52,1655.0,5,0,0,10,20,12,0.0,1.0,1.0,0.0,1.0,0.0,1.0,0.0,0.0,1.0,0.0
172.5,40,1475.0,17,6,1,10,20,13,0.0,1.0,1.0,0.0,1.0,0.0,0.0,0.0,1.0,1.0,0.0
207.5,54,1685.0,7,0,0,10,20,12,0.0,1.0,1.0,0.0,1.0,0.0,1.0,0.0,0.0,1.0,0.0
250.0,26,1940.0,0,1,0,10,20,13,1.0,0.0,0.0,1.0,0.0,1.0,1.0,0.0,0.0,0.0,1.0
225.0,61,1790.0,14,0,0,10,20,12,0.0,1.0,0.0,1.0,1.0,0.0,1.0,0.0,0.0,0.0,1.0
82.5,49,935.0,5,5,1,10,20,12,0.0,1.0,1.0,0.0,1.0,0.0,0.0,0.0,1.0,1.0,0.0
55.0,38,770.0,18,4,0,10,20,13,1.0,0.0,0.0,1.0,1.0,0.0,0.0,0.0,1.0,0.0,1.0
77.5,47,905.0,3,5,1,10,20,13,1.0,0.0,1.0,0.0,1.0,0.0,0.0,0.0,1.0,1.0,0.0
42.5,33,695.0,13,4,0,10,20,12,0.0,1.0,1.0,0.0,1.0,0.0,0.0,1.0,0.0,1.0,0.0
37.5,31,665.0,11,4,0,10,20,13,0.0,1.0,1.0,0.0,1.0,0.0,0.0,1.0,0.0,1.0,0.0
152.5,32,1355.0,9,6,1,10,20,13,1.0,0.0,1.0,0.0,1.0,0.0,0.0,0.0,1.0,1.0,0.0
100.0,56,1040.0,12,5,1,10,20,12,1.0,0.0,0.0,1.0,0.0,1.0,0.0,0.0,1.0,0.0,1.0
27.5,27,605.0,7,4,0,10,20,12,0.0,1.0,1.0,0.0,1.0,0.0,0.0,1.0,0.0,1.0,0.0
40.0,32,680.0,12,4,0,10,20,12,1.0,0.0,0.0,1.0,0.0,1.0,0.0,1.0,0.0,0.0,1.0
167.5,38,1445.0,15,6,1,10,20,12,1.0,0.0,1.0,0.0,1.0,0.0,0.0,0.0,1.0,1.0,0.0
157.5,34,1385.0,11,6,1,10,20,13,0.0,1.0,1.0,0.0,1.0,0.0,0.0,0.0,1.0,1.0,0.0
200.0,51,1640.0,4,0,0,10,20,12,0.0,1.0,0.0,1.0,0.0,1.0,0.0,0.0,1.0,0.0,1.0
135.0,25,1250.0,2,6,1,10,20,13,0.0,1.0,0.0,1.0,1.0,0.0,0.0,0.0,1.0,0.0,1.0
45.0,34,710.0,14,4,0,10,20,12,0.0,1.0,0.0,1.0,1.0,0.0,0.0,1.0,0.0,0.0,1.0
182.5,44,1535.0,21,6,1,10,20,12,1.0,0.0,1.0,0.0,1.0,0.0,0.0,0.0,1.0,1.0,0.0
257.5,29,1985.0,3,1,0,10,20,13,1.0,0.0,1.0,0.0,1.0,0.0,1.0,0.0,0.0,1.0,0.0
190.0,47,1580.0,0,0,0,10,20,13,1.0,0.0,0.0,1.0,0.0,1.0,0.0,0.0,1.0,0.0,1.0
132.5,24,1235.0,1,6,1,10,20,13,0.0,1.0,1.0,0.0,1.0,0.0,0.0,0.0,1.0,1.0,0.0
127.5,22,1205.0,23,5,1,10,20,12,0.0,1.0,1.0,0.0,1.0,0.0,0.0,0.0,1.0,1.0,0.0
217.5,58,1745.0,11,0,0,10,20,13,0.0,1.0,1.0,0.0,1.0,0.0,1.0,0.0,0.0,1.0,0.0
30.0,28,620.0,8,4,0,10,20,13,0.0,1.0,0.0,1.0,0.0,1.0,0.0,1.0,0.0,0.0,1.0
215.0,57,1730.0,10,0,0,10,20,13,0.0,1.0,0.0,1.0,1.0,0.0,1.0,0.0,0.0,0.0,1.0
210.0,55,1700.0,8,0,0,10,20,13,0.0,1.0,0.0,1.0,0.0,1.0,1.0,0.0,0.0,0.0,1.0
52.5,37,755.0,17,4,0,10,20,13,0.0,1.0,1.0,0.0,1.0,0.0,0.0,0.0,1.0,1.0,0.0
142.5,28,1295.0,5,6,1,10,20,12,0.0,1.0,1.0,0.0,1.0,0.0,0.0,0.0,1.0,1.0,0.0
220.0,59,1760.0,12,0,0,10,20,12,1.0,0.0,0.0,1.0,0.0,1.0,1.0,0.0,0.0,0.0,1.0
75.0,46,890.0,2,5,1,10,20,13,0.0,1.0,0.0,1.0,1.0,0.0,0.0,0.0,1.0,0.0,1.0
60.0,40,800.0,20,4,0,10,20,12,0.0,1.0,0.0,1.0,0.0,1.0,0.0,0.0,1.0,0.0,1.0
247.5,25,1925.0,23,0,0,10,20,12,0.0,1.0,1.0,0.0,1.0,0.0,1.0,0.0,0.0,1.0,0.0
155.0,33,1370.0,10,6,1,10,20,13,0.0,1.0,0.0,1.0,1.0,0.0,0.0,0.0,1.0,0.0,1.0
242.5,23,1895.0,21,0,0,10,20,12,1.0,0.0,1.0,0.0,1.0,0.0,1.0,0.0,0.0,1.0,0.0
117.5,63,1145.0,19,5,1,10,20,13,0.0,1.0,1.0,0.0,1.0,0.0,0.0,0.0,1.0,1.0,0.0
140.0,27,1280.0,4,6,1,10,20,12,0.0,1.0,0.0,1.0,0.0,1.0,0.0,0.0,1.0,0.0,1.0
150.0,31,1340.0,8,6,1,10,20,13,0.0,1.0,0.0,1.0,0.0,1.0,0.0,0.0,1.0,0.0,1.0
12.5,21,515.0,1,4,0,10,20,13,0.0,1.0,1.0,0.0,1.0,0.0,0.0,1.0,0.0,1.0,0.0
25.0,26,590.0,6,4,0,10,20,12,1.0,0.0,0.0,1.0,1.0,0.0,0.0,1.0,0.0,0.0,1.0
110.0,60,1100.0,16,5,1,10,20,13,0.0,1.0,0.0,1.0,0.0,1.0,0.0,0.0,1.0,0.0,1.0
195.0,49,1610.0,2,0,0,10,20,13,0.0,1.0,0.0,1.0,1.0,0.0,0.0,0.0,1.0,0.0,1.0
122.5,20,1175.0,21,5,1,10,20,12,1.0,0.0,1.0,0.0,1.0,0.0,0.0,0.0,1.0,1.0,0.0
